Brand Name,Item Count,Website
Licensed character,"97,937",Kohls
Unbranded,"40,122",Kohls
Nike,"14,891",Kohls
Lands end,"12,352",Kohls
Colosseum,"11,148",Kohls
Fanatics,"10,735",Kohls
Star wars,"10,280",Kohls
Disney,"9,649",Kohls
Marvel,"8,509",Kohls
Sonoma,"6,729",Kohls
Adidas,"5,057",Kohls
So,"5,003",Kohls
Under armour,"4,665",Kohls
Outerstuff,"4,326",Kohls
Champion,"4,177",Kohls
Unspecified,"4,109",Kohls
Journee collection,"3,569",Kohls
Nine west,"3,521",Kohls
Tek gear,"3,439",Kohls
Dc comics,"3,330",Kohls
Croft & barrow,"3,025",Kohls
New era,"3,010",Kohls
Lc lauren conrad,"2,175",Kohls
Leveret,"2,171",Kohls
Levi's,"2,084",Kohls
Simply vera vera wang,"1,981",Kohls
Nickelodeon,"1,846",Kohls
Harry potter,"1,809",Kohls
1928,"1,555",Kohls
Alfred dunner,"1,538",Kohls
Denco,"1,499",Kohls
G-iii,"1,472",Kohls
Nina leonard,"1,431",Kohls
Carter's,"1,407",Kohls
Stella grace,"1,385",Kohls
Columbia,"1,292",Kohls
Flx,"1,232",Kohls
Primrose,"1,199",Kohls
Easy street,"1,165",Kohls
Muk luks,"1,139",Kohls
Starter,"1,071",Kohls
Jockey,"1,037",Kohls
Eddie bauer,998,Kohls
Antigua,978,Kohls
Celebration gems,977,Kohls
Apt 9,950,Kohls
London rag,946,Kohls
Hanes,935,Kohls
Majestic,921,Kohls
Life stride,855,Kohls
Alexia admor,851,Kohls
Jumping beans,843,Kohls
Napier,833,Kohls
Cuddl duds,824,Kohls
Skechers,813,Kohls
Lee,802,Kohls
Designs by gioelli,771,Kohls
Lynx,770,Kohls
Logoart,736,Kohls
Sunkissed sterling,733,Kohls
Hurley,703,Kohls
Jurassic world,681,Kohls
Vans,670,Kohls
Dockers,657,Kohls
Fifth-sun,647,Kohls
White mark,644,Kohls
Maidenform,641,Kohls
New balance,636,Kohls
Conrad,633,Kohls
License,616,Kohls
Warner's,610,Kohls
Dickies,601,Kohls
Dr. scholl,588,Kohls
Izod,574,Kohls
Gemminded,569,Kohls
Spring step,563,Kohls
Bali,562,Kohls
Propet,528,Kohls
Haggar,528,Kohls
Mellow world,502,Kohls
Ryka,498,Kohls
Vanity fair,487,Kohls
Clark's,449,Kohls
Zero xposur,445,Kohls
Pearlustre by imperial,440,Kohls
Olivia miller,438,Kohls
Celebrate together,438,Kohls
Calvin klein,427,Kohls
Aleure precioso,419,Kohls
Lugz,414,Kohls
Brilliance,412,Kohls
Hudson baby,408,Kohls
Timex,396,Kohls
English factory,392,Kohls
Jordan blue,389,Kohls
Jurassic park,388,Kohls
Floso,388,Kohls
Alyson layne,387,Kohls
Endless rose,383,Kohls
Dolfin,378,Kohls
Xray,376,Kohls
Tommy hilfiger,375,Kohls
Bulova,375,Kohls
Deux par deux,369,Kohls
Yoki,364,Kohls
Grand slam,359,Kohls
Mc collective,352,Kohls
Kristen kesho,349,Kohls
Dearfoams,348,Kohls
Bear paw,348,Kohls
Wrangler,340,Kohls
Charming girl,337,Kohls
Eastland,329,Kohls
Nunn bush,325,Kohls
London times,322,Kohls
City luxe,322,Kohls
Isotoner,310,Kohls
Rag&co,308,Kohls
Impo,301,Kohls
Easy spirit,301,Kohls
Smith's workwear,300,Kohls
Ncaa,298,Kohls
Junior jewels,293,Kohls
Henry ferrera,293,Kohls
Gloria vanderbilt,290,Kohls
Crocs,288,Kohls
Stitches,283,Kohls
London fog,283,Kohls
Red kap,277,Kohls
Dingo,277,Kohls
Bellacanvas,271,Kohls
Deer stags,269,Kohls
Aerosoles,265,Kohls
Adornia,265,Kohls
24seven comfort apparel,264,Kohls
Jewelexcess,262,Kohls
Ugg,261,Kohls
Freshwater,259,Kohls
Gaiam,257,Kohls
Patrizia,253,Kohls
New york & company,252,Kohls
L i v d,236,Kohls
Converse,234,Kohls
Everlasting gold,233,Kohls
Cliffs by white mountain,230,Kohls
Van heusen,225,Kohls
Sophie miller,225,Kohls
Madden girl,224,Kohls
Bzees,222,Kohls
Baretraps,222,Kohls
Qupid,220,Kohls
Jewelmak,217,Kohls
Ninety-nine degrees,216,Kohls
Psk collective,213,Kohls
Campussutra,210,Kohls
Amerileather,204,Kohls
Sleep on it,203,Kohls
Rocket dog,202,Kohls
Soul naturalizer,199,Kohls
Cole haan,192,Kohls
Thomas & vine,190,Kohls
Bella uno,189,Kohls
Jezebel,188,Kohls
Vance co.,187,Kohls
Asics,182,Kohls
Forever 14k,181,Kohls
Rosetti,179,Kohls
Reebok,178,Kohls
Torgeis,177,Kohls
Weathercast,175,Kohls
Unionbay,174,Kohls
Casio,172,Kohls
Wallflower,171,Kohls
Free the roses,170,Kohls
Amoena,165,Kohls
Grey lab,164,Kohls
Chrystina,164,Kohls
Boston bay diamonds,161,Kohls
Au naturale,160,Kohls
Xoxo,159,Kohls
Citizen,159,Kohls
Lavish by tjm,157,Kohls
Juicy couture,156,Kohls
Northside,155,Kohls
Joybees,155,Kohls
Diamond mystique,155,Kohls
24/7 comfort,152,Kohls
Miss elaine essentials,151,Kohls
Sugar,149,Kohls
Intempo,149,Kohls
Symbols of faith,148,Kohls
Russell athletic,143,Kohls
Peugeot,143,Kohls
Marika,143,Kohls
Speechless,140,Kohls
Almost famous,139,Kohls
Oh la la cheri,137,Kohls
Touched by nature,136,Kohls
Josmo,136,Kohls
Ili,136,Kohls
Lilaclondon,135,Kohls
Fleet street,132,Kohls
Glamorise,130,Kohls
Baggallini,128,Kohls
Wm fashion,127,Kohls
Travelon,126,Kohls
Totes,126,Kohls
Ab studio,126,Kohls
Luca & danni,125,Kohls
Dress barn,124,Kohls
Esprit,122,Kohls
Kamik,119,Kohls
Taylor grace,118,Kohls
Lab,118,Kohls
Carnival,118,Kohls
Lamo,117,Kohls
Dakota,116,Kohls
Paramour by felina,115,Kohls
Lunaire,115,Kohls
The regal collection,114,Kohls
Rachel roy,111,Kohls
Nancy lopez golf,110,Kohls
Lug,110,Kohls
Bravado! designs,109,Kohls
L'artiste by spring step,106,Kohls
Oshkosh b'gosh,105,Kohls
Jessica mcclintock,105,Kohls
Residence,103,Kohls
Crystal collective,102,Kohls
Cartoon network,102,Kohls
Italian shoemakers,101,Kohls
Nintendo,100,Kohls
Koltov,100,Kohls
Franchise club,100,Kohls
Black hills gold,100,Kohls
Adtec,100,Kohls
French toast,99,Kohls
Argento bella,99,Kohls
Multisac,98,Kohls
Donna sharp,98,Kohls
Hdi,97,Kohls
Excelled,97,Kohls
Sarafina,96,Kohls
Its personal,95,Kohls
Rewind,94,Kohls
Laredo,93,Kohls
Dominique,93,Kohls
Armitron,93,Kohls
A&m,93,Kohls
Toms,92,Kohls
Spalding,92,Kohls
Love this life,92,Kohls
Vintage foundry co.,91,Kohls
Playtex,91,Kohls
M c,91,Kohls
Fila,90,Kohls
Bugatti,90,Kohls
Territory,89,Kohls
Seiko,89,Kohls
Pokemon,89,Kohls
Paige harper,89,Kohls
Nerf,89,Kohls
Jammies for your families,89,Kohls
1913,89,Kohls
Royal aura,87,Kohls
Sonoma community,86,Kohls
Nancy lopez,86,Kohls
Beverly hills,85,Kohls
Paw patrol,84,Kohls
Pacific mountain,84,Kohls
Relic by fossil,83,Kohls
Olivia and harper,83,Kohls
Luminor gold,83,Kohls
Jane and the shoe,83,Kohls
Halitech,83,Kohls
B.smart,83,Kohls
A shore fit,83,Kohls
Pokkori,82,Kohls
Looney tunes,82,Kohls
Poetic justice,81,Kohls
Fruit of the loom,81,Kohls
Dan post,81,Kohls
Bonnie jean,81,Kohls
Sebby,80,Kohls
Taylor dress,79,Kohls
Samsonite,79,Kohls
Bering,79,Kohls
Akademiks,79,Kohls
Undersummers,77,Kohls
Mazu swim,77,Kohls
Georgia boots,77,Kohls
As u wish,77,Kohls
Stone & co.,76,Kohls
R & m richards,75,Kohls
Live to be spoiled,75,Kohls
Little diva diamonds,75,Kohls
Tiara,74,Kohls
The northwest,74,Kohls
Nite nite by munki munki,74,Kohls
Nike 3brand,74,Kohls
Jbu,74,Kohls
Instafab plus,74,Kohls
Fao schwarz,73,Kohls
Radiant gem,72,Kohls
Masha and the bear,72,Kohls
Madison west,72,Kohls
Diamond,72,Kohls
Beach by matisse,72,Kohls
Rocky,71,Kohls
Rockland,71,Kohls
Parfait,70,Kohls
Olga,70,Kohls
British knights,70,Kohls
Bal harbour,70,Kohls
Aston marc,70,Kohls
Main and sterling,69,Kohls
Giorgio di vicenza,69,Kohls
Minecraft,68,Kohls
Maison tara,68,Kohls
Journee signature,68,Kohls
Durango,68,Kohls
Cupshe,68,Kohls
Charles & colvard,68,Kohls
Little planet by carter's,67,Kohls
Western chief,66,Kohls
Insignia collection,66,Kohls
Gallery,66,Kohls
Rosabella,65,Kohls
Miztique,65,Kohls
Matisse,65,Kohls
Made for you,65,Kohls
Luvable friends,65,Kohls
Diamond brilliance,64,Kohls
Avalanche,64,Kohls
Rugged bear,63,Kohls
Reserved footwear,63,Kohls
Karla hanson,63,Kohls
Valentino,62,Kohls
Tower by london fog,62,Kohls
Itasca,62,Kohls
Siri usa by tjm,61,Kohls
Gabrielle union,61,Kohls
Fashion to figure,61,Kohls
Steel nation,60,Kohls
Petit cheris,60,Kohls
Gaahuu,58,Kohls
Forever radiant,58,Kohls
Del raya,58,Kohls
Mlb,57,Kohls
Kendall & kylie,57,Kohls
Folio,57,Kohls
Seven7,56,Kohls
Delicate diamonds,56,Kohls
Nfl,55,Kohls
High sierra,55,Kohls
Opposuits,54,Kohls
Gotta,54,Kohls
Aurielle,54,Kohls
American tourister,54,Kohls
Alexis bendel,54,Kohls
Nord,53,Kohls
Wildkin,52,Kohls
Saint eve,52,Kohls
Laura ashley,52,Kohls
Touch of nina,51,Kohls
Timberland pro,51,Kohls
Morgan and co,51,Kohls
Luxle,51,Kohls
Linum home textiles,51,Kohls
Gemistry,51,Kohls
Old friend,50,Kohls
Nick graham,50,Kohls
Decouer,50,Kohls
Timeless sterling silver,49,Kohls
Ful,49,Kohls
Diamond fascination,49,Kohls
Traditions,48,Kohls
Sparo,48,Kohls
Polar armor,48,Kohls
Love,48,Kohls
Knitworks,48,Kohls
Eco beach,48,Kohls
Whet blu,47,Kohls
Tori hill,47,Kohls
Red hot by spanx,47,Kohls
Puma,47,Kohls
Balance collection,47,Kohls
Body glove,46,Kohls
Wolverine,45,Kohls
Stan herman,45,Kohls
Moissanite,45,Kohls
Arena fashions,45,Kohls
Arctic clear,45,Kohls
Tokens of love,44,Kohls
Primavera,44,Kohls
Hybrid green label,44,Kohls
Caliville,44,Kohls
Stride rite,43,Kohls
Picnic time,43,Kohls
Le moda,43,Kohls
Irena park,43,Kohls
Kipling,42,Kohls
Silvertab by levis,41,Kohls
Jansport,41,Kohls
Soffe,40,Kohls
Mia amore,40,Kohls
Indigo rein,40,Kohls
Gottex,40,Kohls
Suite 7,39,Kohls
Ny&co,39,Kohls
Luxology,39,Kohls
Tretorn,38,Kohls
Reef,38,Kohls
Naomi & nicole,38,Kohls
N by nina,38,Kohls
Jack nicklaus,38,Kohls
Havaianas,38,Kohls
Garneau,38,Kohls
Flora nikrooz,38,Kohls
Draper,38,Kohls
Danecraft,38,Kohls
Stacy adams,36,Kohls
Mlp,36,Kohls
Just my size,36,Kohls
Three pink hearts,35,Kohls
Summit ridge,35,Kohls
Members only,35,Kohls
Be boundless,35,Kohls
Rawx,34,Kohls
Nightway,34,Kohls
Oomphies,33,Kohls
Napa valley,33,Kohls
Colorromance,33,Kohls
Classics by palmland,33,Kohls
Silver classics,32,Kohls
Junior,32,Kohls
Jordan,32,Kohls
Janie,32,Kohls
Vieste,31,Kohls
Thorogood,31,Kohls
Sentimental expressions,31,Kohls
Dreamworks,31,Kohls
Royce,30,Kohls
Lily rose,30,Kohls
Danskin,30,Kohls
Focus by shani,29,Kohls
Citrine,29,Kohls
Buffalo david bitton,29,Kohls
White ice,28,Kohls
Lovemark,28,Kohls
Louis vuitton,28,Kohls
Plus,27,Kohls
Mootsies tootsies,27,Kohls
Diamonluxe,27,Kohls
Renaissance collection,26,Kohls
Radiant fire,26,Kohls
Mouflon,26,Kohls
Hollywood jeans,26,Kohls
Ever-pretty,26,Kohls
Born famous,26,Kohls
Boc,26,Kohls
Vintage leather,25,Kohls
Seven dials,25,Kohls
San,25,Kohls
Peridot,25,Kohls
Jelli fish,25,Kohls
D.e.t.a.i.l.s,25,Kohls
Waterguard,24,Kohls
Tonka,24,Kohls
Linda anderson,24,Kohls
L.o.l surprise!,24,Kohls
Kaktus,24,Kohls
Eco silver luxe,24,Kohls
Contessa di capri,24,Kohls
Skyway,23,Kohls
Geneva,23,Kohls
Everlasting flowers jewelry,23,Kohls
Dr. seuss,23,Kohls
Champion sports,23,Kohls
Ben sherman,23,Kohls
Violet ray,22,Kohls
Tecs,22,Kohls
Speax by thinx,22,Kohls
Sanuk,22,Kohls
Rocsoc,22,Kohls
Mcklein,22,Kohls
Catalina,22,Kohls
Buxton,22,Kohls
Bulwark,22,Kohls
Baby shark,22,Kohls
Amella jewels,22,Kohls
Tko orlogi,21,Kohls
Playzoom,21,Kohls
Iam,21,Kohls
Gilded silver,21,Kohls
Earth origins,21,Kohls
Caribbean joe,21,Kohls
Breaking waves,21,Kohls
Arizona,21,Kohls
Tone it up,20,Kohls
Sechic,20,Kohls
Regatta,20,Kohls
Ethic goods,20,Kohls
Connected apparel,20,Kohls
Superlamb,19,Kohls
Sterling shimmer,19,Kohls
Mojo,19,Kohls
Kenneth cole,19,Kohls
Iz byer,19,Kohls
Huntworth,19,Kohls
Head,19,Kohls
Fossil,19,Kohls
Diamond splendor,19,Kohls
Big one,19,Kohls
Bey-berk,19,Kohls
Avenger,19,Kohls
Two hearts forever one,18,Kohls
Timeless,18,Kohls
Sensi,18,Kohls
Philadelphia,18,Kohls
Olivia and kate,18,Kohls
Nhl,18,Kohls
Jb star wars,18,Kohls
Inusa,18,Kohls
Elli by capelli,18,Kohls
Smiley,17,Kohls
Lyric,17,Kohls
La lumina,17,Kohls
Jewelry for trees,17,Kohls
Jacques moret,17,Kohls
Imperial delta,17,Kohls
Heat keep,17,Kohls
Dukap,17,Kohls
Crystal,17,Kohls
Chubbies,17,Kohls
Chaps,17,Kohls
Blue la rue,17,Kohls
Travelpro,16,Kohls
The rolling stones,16,Kohls
Sail,16,Kohls
Roman,16,Kohls
Nautica rocks,16,Kohls
Meta labwear,16,Kohls
Hybrid tees,16,Kohls
Geoffrey beene,16,Kohls
Franklin sports,16,Kohls
Coalatree,16,Kohls
Caterpillar,16,Kohls
Caravelle,16,Kohls
Ava blue,16,Kohls
Ava,16,Kohls
Zenz,15,Kohls
Wesc,15,Kohls
Nascar,15,Kohls
Maralux pearl,15,Kohls
Freshwater by honora,15,Kohls
Emeril,15,Kohls
Ed hardy,15,Kohls
Cosabella,15,Kohls
Tyr,14,Kohls
Swiss mobility,14,Kohls
Royal,14,Kohls
Redorn,14,Kohls
Pete the cat,14,Kohls
Le bos,14,Kohls
Colors for good,14,Kohls
Soft style by hush puppies,13,Kohls
Ride tecs,13,Kohls
Pixsy posey,13,Kohls
Petalia,13,Kohls
Maya brooke,13,Kohls
Individuality beads,13,Kohls
Heys,13,Kohls
Grown with love,13,Kohls
Great lengths,13,Kohls
Brilliance in motion,13,Kohls
Artistique,13,Kohls
Amore by simone i. smith,13,Kohls
Tri,12,Kohls
Salomon,12,Kohls
Pure radiance,12,Kohls
My shield my strength,12,Kohls
Jessica carlyle,12,Kohls
Ivory ella,12,Kohls
Ibb,12,Kohls
Honest baby clothing,12,Kohls
Diamond facets,12,Kohls
Barely there,12,Kohls
Atticus,12,Kohls
Argento forte,12,Kohls
Wembley,11,Kohls
Smart step,11,Kohls
Sail away,11,Kohls
Safavieh,11,Kohls
Rose,11,Kohls
Revo,11,Kohls
Recess,11,Kohls
Radiant,11,Kohls
Pur aarde,11,Kohls
Pink republic,11,Kohls
In the stars,11,Kohls
Gabby skye,11,Kohls
Evans,11,Kohls
Dirty laundry,11,Kohls
Diamonore,11,Kohls
Diamond sparkle,11,Kohls
Dana buchman,11,Kohls
Crystal avenue,11,Kohls
Billy,11,Kohls
Barefoot dreams,11,Kohls
Xpand,10,Kohls
Virginia,10,Kohls
Uglies,10,Kohls
Slny,10,Kohls
Skechers work,10,Kohls
Sirena collection,10,Kohls
Red balloon,10,Kohls
Nasa,10,Kohls
Music,10,Kohls
Little tikes,10,Kohls
Kodiak,10,Kohls
Journee,10,Kohls
Highland outdoor,10,Kohls
Goumi,10,Kohls
Evolv,10,Kohls
Emotions,10,Kohls
Cultura,10,Kohls
Classic turkish towels,10,Kohls
Circus sam edelman,10,Kohls
Charming inspirations,10,Kohls
Winter tecs,9,Kohls
Wallybags,9,Kohls
Vera bradley,9,Kohls
Trimshaper,9,Kohls
Trailmaker,9,Kohls
Speedo,9,Kohls
Simplify,9,Kohls
Realtree,9,Kohls
Pb sport,9,Kohls
Pacific coast,9,Kohls
Olivia,9,Kohls
Mountain and isles,9,Kohls
Modern eternity,9,Kohls
Mari a.,9,Kohls
Little treasure,9,Kohls
Jessica simpson,9,Kohls
Itsy bitsy,9,Kohls
Ipack,9,Kohls
Gucci,9,Kohls
Gold bar,9,Kohls
Elgin,9,Kohls
Color theory,9,Kohls
Champ's,9,Kohls
Casablanca kids,9,Kohls
Youre invited,8,Kohls
Wish bone,8,Kohls
Triple nikel,8,Kohls
The silver lining,8,Kohls
Splendid pearls,8,Kohls
Rocky 4eursole,8,Kohls
Rockwell,8,Kohls
Peace love & dreams,8,Kohls
Jordan taylor,8,Kohls
Jean-paul germain,8,Kohls
Jb disney insertion,8,Kohls
Iron age,8,Kohls
Heat holders,8,Kohls
Forever,8,Kohls
Floating diamonluxe,8,Kohls
Family fun,8,Kohls
Divine gold,8,Kohls
Danielle nicole,8,Kohls
Copper turquoise,8,Kohls
Chaus,8,Kohls
Wishbone,7,Kohls
Wai lana,7,Kohls
Two lips,7,Kohls
Trespass,7,Kohls
Together as one,7,Kohls
Theia sky,7,Kohls
Shedrain,7,Kohls
Secrets,7,Kohls
Rainbeau moves,7,Kohls
Nothinz,7,Kohls
Lokai,7,Kohls
Lila moon,7,Kohls
Joujou,7,Kohls
Higherhealth,7,Kohls
Denver,7,Kohls
Delia's,7,Kohls
Code west,7,Kohls
Code,7,Kohls
Chanel,7,Kohls
Blueberi boulevard,7,Kohls
Bio world,7,Kohls
Betsey johnson,7,Kohls
Bates,7,Kohls
We bare bears,6,Kohls
Superfit,6,Kohls
Squishmallow,6,Kohls
Skip hop,6,Kohls
Result,6,Kohls
Paramour,6,Kohls
Ole,6,Kohls
Love always,6,Kohls
Logo brand,6,Kohls
Little lad,6,Kohls
Jenni chan,6,Kohls
Ike behar,6,Kohls
Gold,6,Kohls
Elizabeth and james,6,Kohls
Disneypixar,6,Kohls
Crystal allure,6,Kohls
Blue,6,Kohls
Appalachian,6,Kohls
Air,6,Kohls
Victory outfitters,5,Kohls
Vibes,5,Kohls
Urban republic,5,Kohls
Thread & supply,5,Kohls
Suns,5,Kohls
Squishmallows,5,Kohls
She,5,Kohls
Sammy & lou,5,Kohls
Pink rose,5,Kohls
Oro leoni,5,Kohls
Jojo siwa,5,Kohls
Jays,5,Kohls
Hue,5,Kohls
Cliffs,5,Kohls
Cherokee,5,Kohls
100 facets of love,5,Kohls
William rast,4,Kohls
Urban sport,4,Kohls
Urban pipeline,4,Kohls
Thinx,4,Kohls
Team,4,Kohls
Starburst,4,Kohls
Silvr,4,Kohls
Silver leaf,4,Kohls
Sacramento,4,Kohls
Rolo,4,Kohls
Rialto,4,Kohls
Pure,4,Kohls
Pink envelope,4,Kohls
Oxford & finch,4,Kohls
Ohio,4,Kohls
New york gold designs,4,Kohls
Mytagalongs,4,Kohls
Love is forever,4,Kohls
Le vieux,4,Kohls
Joe boxer,4,Kohls
Jacques laurent,4,Kohls
Hello kitty,4,Kohls
Hasbro,4,Kohls
Harper stone,4,Kohls
Guy harvey,4,Kohls
Green,4,Kohls
Evergreen diamonds,4,Kohls
Emma & chloe,4,Kohls
Diamond petites,4,Kohls
Dare,4,Kohls
Crystal collection,4,Kohls
Amy byer,4,Kohls
Wonderbra,3,Kohls
Victory 40,3,Kohls
Usa,3,Kohls
Tungsten,3,Kohls
Suitmeister,3,Kohls
Steve harvey,3,Kohls
Stanford,3,Kohls
Sparkle by imperial,3,Kohls
Sols,3,Kohls
Solo  new  york,3,Kohls
Solo,3,Kohls
Sanrio,3,Kohls
S13,3,Kohls
Roam loud,3,Kohls
Rampage,3,Kohls
R lim,3,Kohls
Pure gem collection,3,Kohls
Pro keds,3,Kohls
Prada,3,Kohls
Porto cruz,3,Kohls
Playtex nursing,3,Kohls
Nba,3,Kohls
Mountain edge,3,Kohls
Melmarc,3,Kohls
Marc anthony,3,Kohls
Mainspring,3,Kohls
Maidenform shape,3,Kohls
Madeline,3,Kohls
M-wave,3,Kohls
Love & let love,3,Kohls
La,3,Kohls
Kaf home,3,Kohls
Joe b,3,Kohls
Jerry leigh,3,Kohls
Jb marvel,3,Kohls
Ixtreme,3,Kohls
Itzy ritzy,3,Kohls
Illuminaire,3,Kohls
Hush puppies,3,Kohls
Holiday,3,Kohls
Heritage,3,Kohls
Fergana,3,Kohls
Elegante,3,Kohls
Dream wave,3,Kohls
Dog threads,3,Kohls
Dancing love,3,Kohls
Corona,3,Kohls
Coolkeep,3,Kohls
City lights,3,Kohls
Celtic,3,Kohls
Capelli,3,Kohls
Bostonian,3,Kohls
Blanco label,3,Kohls
Bello uno,3,Kohls
Argento sterling,3,Kohls
Aquatecs,3,Kohls
4eursole,3,Kohls
Venom,2,Kohls
Vacay,2,Kohls
United by blue,2,Kohls
U.s. polo assn.,2,Kohls
Twist,2,Kohls
Treasured moments,2,Kohls
Traveler's choice,2,Kohls
The humane society of the united states,2,Kohls
T-shirt & jeans,2,Kohls
Survivor,2,Kohls
Studio,2,Kohls
Sterilite,2,Kohls
Sparkle,2,Kohls
Sof sole,2,Kohls
Safe harbor,2,Kohls
Rubber,2,Kohls
Rope,2,Kohls
Ricardo,2,Kohls
Pur serenity,2,Kohls
Playtek,2,Kohls
Petunia pickle bottom,2,Kohls
Ostrich,2,Kohls
Ohana,2,Kohls
Northikee,2,Kohls
No sox,2,Kohls
Nightmare before christmas,2,Kohls
Nautica,2,Kohls
Montana,2,Kohls
Maui & sons,2,Kohls
Magnaclick,2,Kohls
Madeline girl,2,Kohls
Madden nyc,2,Kohls
Little lass,2,Kohls
Limited too,2,Kohls
Lily of france,2,Kohls
Lego,2,Kohls
La belle vie,2,Kohls
Joseph allen,2,Kohls
Jennz,2,Kohls
Jennifer lopez,2,Kohls
Itouch,2,Kohls
Iscream,2,Kohls
Irisusa,2,Kohls
Hailey lyn,2,Kohls
Grabber,2,Kohls
Free country,2,Kohls
Focus for men,2,Kohls
Fila usa,2,Kohls
Fergalicious,2,Kohls
Effy,2,Kohls
Dopp,2,Kohls
Delsey,2,Kohls
Cuff,2,Kohls
Craghoppers,2,Kohls
Cra-z-art,2,Kohls
China pearl,2,Kohls
California waves,2,Kohls
Boston accent,2,Kohls
Benrus,2,Kohls
Badger basket,2,Kohls
Axl by triton,2,Kohls
A. helm,2,Kohls
A d sutton,2,Kohls
Zeta tau alpha,1,Kohls
You & me ... meant to be,1,Kohls
Yfm,1,Kohls
Wrangler riggs workwear,1,Kohls
Wittnauer,1,Kohls
Wham-o,1,Kohls
Vivani,1,Kohls
Violet weekend,1,Kohls
Vinyl records,1,Kohls
Vegas,1,Kohls
Undercurrent,1,Kohls
Trixxi,1,Kohls
Trick,1,Kohls
Tori,1,Kohls
Tiana,1,Kohls
Sunny health & fitness,1,Kohls
Steven land,1,Kohls
Star trek,1,Kohls
Stamina,1,Kohls
Spira,1,Kohls
So...?,1,Kohls
Skb,1,Kohls
Silver jeans,1,Kohls
Savane,1,Kohls
Sajen,1,Kohls
Rhode & co.,1,Kohls
Reilly olmes,1,Kohls
Rebel wilson,1,Kohls
Public library,1,Kohls
Protocol,1,Kohls
Prodigy,1,Kohls
Pj masks,1,Kohls
Pi beta phi,1,Kohls
Outsunny,1,Kohls
Norazza,1,Kohls
Non licensed,1,Kohls
Nicholas,1,Kohls
New york transit,1,Kohls
Neat-oh,1,Kohls
My petite ring,1,Kohls
Mudd,1,Kohls
Mother child,1,Kohls
Moral code,1,Kohls
Mojang,1,Kohls
Marsala,1,Kohls
Margaritaville,1,Kohls
Love you to the moon & back,1,Kohls
Logo brands,1,Kohls
Lion king,1,Kohls
Lily & lace,1,Kohls
Latina,1,Kohls
Lamaze,1,Kohls
La regale,1,Kohls
Kikkerland,1,Kohls
Juilliet,1,Kohls
Juicy_couture,1,Kohls
Jessica ann,1,Kohls
Human nation,1,Kohls
Human,1,Kohls
Hugs,1,Kohls
Honeywell home,1,Kohls
Hei hei,1,Kohls
Grasshoppers,1,Kohls
Giovanni,1,Kohls
Giorgio brutini,1,Kohls
G.h. bass & co.,1,Kohls
Fwp by honora,1,Kohls
Frye,1,Kohls
Fridababy,1,Kohls
Fila sport golf,1,Kohls
Fila sport,1,Kohls
Fendi,1,Kohls
Fedeli,1,Kohls
Exotic green,1,Kohls
Everlasting silver gem,1,Kohls
Ellen tracy,1,Kohls
Ecko unltd,1,Kohls
Ducks unlimited,1,Kohls
Doc,1,Kohls
Disney by ful,1,Kohls
Di amore,1,Kohls
Danny & nicole,1,Kohls
Copa,1,Kohls
Concave,1,Kohls
Clear,1,Kohls
Classic accessories,1,Kohls
Citizen drive,1,Kohls
Chin up,1,Kohls
Chariot,1,Kohls
Celine,1,Kohls
Cedar fresh,1,Kohls
Captain,1,Kohls
Campus heritage,1,Kohls
Cal,1,Kohls
Brunello cucinelli,1,Kohls
Brianna,1,Kohls
Blanco,1,Kohls
Best way,1,Kohls
Beach scene,1,Kohls
Be,1,Kohls
Atrix,1,Kohls
Angels,1,Kohls
American originals,1,Kohls
American flyer,1,Kohls
Amber leaf,1,Kohls
Akris,1,Kohls
