"_id","title","description","date","content","createdAt","updatedAt","__v"
"65bb3e79bac903486da4b06c","Tiltle","this discriptions","date","content","2024-02-01T06:47:21.037Z","2024-02-05T05:25:00.546Z",0
"65bb48d24a5b0b4dc70a7b24","fgdgdfg","dfgdfgdf",,"fdgdfgdf","2024-02-01T07:31:30.980Z","2024-02-01T07:31:30.980Z",0
"65bb49594a5b0b4dc70a7b26","fgdgdfg","dfgdfgdf",,"fdgdfgdf","2024-02-01T07:33:45.870Z","2024-02-01T07:33:45.870Z",0
"65bb49764a5b0b4dc70a7b28","asda","asdas",,"asad","2024-02-01T07:34:14.209Z","2024-02-01T07:34:14.209Z",0
"65bb49814a5b0b4dc70a7b2a","asdaasda","asdas",,"asad","2024-02-01T07:34:25.661Z","2024-02-01T07:34:25.661Z",0
"65bb49824a5b0b4dc70a7b2c","asdaasda","asdas",,"asad","2024-02-01T07:34:26.891Z","2024-02-01T07:34:26.891Z",0
"65bb49834a5b0b4dc70a7b2e","asdaasda","asdas",,"asad","2024-02-01T07:34:27.304Z","2024-02-01T07:34:27.304Z",0
"65bb49b74a5b0b4dc70a7b30","asdasd","asdasd",,"asdasdas","2024-02-01T07:35:19.163Z","2024-02-01T07:35:19.163Z",0
"65bb49dd4a5b0b4dc70a7b32","fghf","fghfgh",,"fghfghf","2024-02-01T07:35:57.952Z","2024-02-01T07:35:57.952Z",0
"65bb49e84a5b0b4dc70a7b34","fghf","fghfgh",,"fghfghf","2024-02-01T07:36:08.851Z","2024-02-01T07:36:08.851Z",0
"65bb4a094a5b0b4dc70a7b36","yutyu","tyutu",,"tyutyutyu","2024-02-01T07:36:41.025Z","2024-02-01T07:36:41.025Z",0
"65bb4a2d4a5b0b4dc70a7b38","yutyu","tyutu",,"tyutyutyu","2024-02-01T07:37:17.897Z","2024-02-01T07:37:17.897Z",0
"65bb4a494a5b0b4dc70a7b3a","fhfgh","fghfg",,"fghfgh","2024-02-01T07:37:45.495Z","2024-02-01T07:37:45.495Z",0
"65bb4a854a5b0b4dc70a7b3d","adas","adasd",,"asdasdad","2024-02-01T07:38:45.668Z","2024-02-01T07:38:45.668Z",0
"65bb5a894a5b0b4dc70a7b40","adasfgdg","fdgd",,"asdasdaddfg","2024-02-01T08:47:05.523Z","2024-02-01T08:47:05.523Z",0
"65bb5f204a5b0b4dc70a7b42","ghfh","fghfgh",,"fghfghfgfg","2024-02-01T09:06:40.976Z","2024-02-01T09:06:40.976Z",0
"65bcc5769911a856bbd0f371","l'kl;'","po[po[iopkl;'k;'''''''''''''''",,"dfsdfsdfssd","2024-02-02T10:35:34.550Z","2024-02-02T10:35:34.550Z",0
"65bcc6759911a856bbd0f373","sadad","asdad",,"asdadsda","2024-02-02T10:39:49.244Z","2024-02-02T10:39:49.244Z",0